DAT,T,assim,leaf__1,leaf__2,leaf__3,leaf__4,leaf_g__1,leaf_g__2,leaf_g__3,leaf_g__4,fmass__1_1,fmass__1_2,fmass__2_1,fmass__2_2,fmass__3_1,fmass__3_2,fmass__4_1,fmass__4_2,fg__1_1,fg__1_2,fg__2_1,fg__2_2,fg__3_1,fg__3_2,fg__4_1,fg__4_2
1,20,0.2,1.02,1.02,1.02,1.02,0.020000000000000004,0.020000000000000004,0.020000000000000004,0.020000000000000004,0.051000000000000004,0.051000000000000004,0.051000000000000004,0.051000000000000004,0.051000000000000004,0.051000000000000004,0.051000000000000004,0.051000000000000004,0.051000000000000004,0.051000000000000004,0.051000000000000004,0.051000000000000004,0.051000000000000004,0.051000000000000004,0.051000000000000004,0.051000000000000004
2,22,0.22,1.042,1.042,1.042,1.042,0.022000000000000002,0.022000000000000002,0.022000000000000002,0.022000000000000002,0.10310000000000001,0.10310000000000001,0.10310000000000001,0.10310000000000001,0.10310000000000001,0.10310000000000001,0.10310000000000001,0.10310000000000001,0.05210000000000001,0.05210000000000001,0.05210000000000001,0.05210000000000001,0.05210000000000001,0.05210000000000001,0.05210000000000001,0.05210000000000001
3,24,0.24,1.066,1.066,1.066,1.066,0.024,0.024,0.024,0.024,0.1564,0.1564,0.1564,0.1564,0.1564,0.1564,0.1564,0.1564,0.05330000000000001,0.05330000000000001,0.05330000000000001,0.05330000000000001,0.05330000000000001,0.05330000000000001,0.05330000000000001,0.05330000000000001
4,23,0.23,1.089,1.089,1.089,1.089,0.023000000000000003,0.023000000000000003,0.023000000000000003,0.023000000000000003,0.21085,0.21085,0.21085,0.21085,0.21085,0.21085,0.21085,0.21085,0.05445,0.05445,0.05445,0.05445,0.05445,0.05445,0.05445,0.05445
5,21,0.21,1.1099999999999999,1.1099999999999999,1.1099999999999999,1.1099999999999999,0.021,0.021,0.021,0.021,0.26635,0.26635,0.26635,0.26635,0.26635,0.26635,0.26635,0.26635,0.055499999999999994,0.055499999999999994,0.055499999999999994,0.055499999999999994,0.055499999999999994,0.055499999999999994,0.055499999999999994,0.055499999999999994
6,25,0.25,1.1349999999999998,1.1349999999999998,1.1349999999999998,1.1349999999999998,0.025,0.025,0.025,0.025,0.32309999999999994,0.32309999999999994,0.32309999999999994,0.32309999999999994,0.32309999999999994,0.32309999999999994,0.32309999999999994,0.32309999999999994,0.056749999999999995,0.056749999999999995,0.056749999999999995,0.056749999999999995,0.056749999999999995,0.056749999999999995,0.056749999999999995,0.056749999999999995
