DAT,y
1,0.000014
2,0.000030
3,0.000068
4,0.000151
5,0.000335
6,0.000746
7,0.001659
8,0.003684
9,0.008163
10,0.017986
11,0.039166
12,0.083173
13,0.167982
14,0.310026
15,0.500000
16,0.689974
17,0.832018
18,0.916827
19,0.689974
20,0.310026
21,0.083173
22,0.017986
23,0.003684
24,0.000746
25,0.000151
26,0.000030
27,0.000006
28,0.000001
29,0.000000
30,0.000000
